{"cameraMode":{"drawMode":0,"name":"Shaded","section":"Shading Mode"},"sceneLighting":false,"audioPlay":false,"sceneViewState":{"showFog":true,"showMaterialUpdate":false,"showSkybox":true,"showFlares":true,"showImageEffects":true,"showParticleSystems":true},"in2DMode":false,"pivot":{"x":6.470114707946777,"y":-24.992794036865236,"z":20.345003128051759},"rotation":{"x":0.4936138391494751,"y":-0.014351843856275082,"z":0.008148080669343472,"w":0.8695245981216431},"size":46.77188491821289,"orthographic":false}