{"cameraMode":{"drawMode":0,"name":"Shaded","section":"Shading Mode"},"sceneLighting":false,"audioPlay":false,"sceneViewState":{"showFog":true,"showMaterialUpdate":false,"showSkybox":true,"showFlares":true,"showImageEffects":true,"showParticleSystems":true},"in2DMode":false,"pivot":{"x":0.5000003576278687,"y":0.5000003576278687,"z":6.499999523162842},"rotation":{"x":0.5744785666465759,"y":0.025769729167222978,"z":-0.0180991068482399,"w":0.8179136514663696},"size":2.2863073348999025,"orthographic":false}